strip,strip_type,date,t_years,cash_flow,zero_pct,discount_factor,pv_unnormalised,normalised_value,strip_face_per_100_parent,strip_price_per_100_face,strip_yield_semi_pct,face_rs_per_1cr_parent,alt_strip_price_per_100_face,alt_strip_yield_semi_pct
GS02JAN2027C,Coupon,2027-01-02,0.298426,3.565,5.270614,0.984595,3.51008,3.438574,3.565,96.453684,12.472714,356500.0,98.406583,5.455486
GS02JUL2027C,Coupon,2027-07-02,0.793977,3.565,5.821356,0.955462,3.406222,3.336831,3.565,93.599758,8.506448,356500.0,95.410075,6.006227
GS02JAN2028C,Coupon,2028-01-02,1.297741,3.565,5.98093,0.926372,3.302517,3.235239,3.565,90.750053,7.620843,356500.0,92.421781,6.165801
GS02JUL2028C,Coupon,2028-07-02,1.79603,3.565,6.139902,0.897075,3.198073,3.132923,3.565,87.880018,7.324449,356500.0,89.419118,6.324774
GS02JAN2029C,Coupon,2029-01-02,2.299795,3.565,6.275047,0.867538,3.092774,3.029769,3.565,84.986515,7.200146,356500.0,86.397107,6.459918
GS02JUL2029C,Coupon,2029-07-02,2.795346,3.565,6.373682,0.839133,2.991508,2.930566,3.565,82.203815,7.134845,356500.0,83.494255,6.558553
GS02JAN2030C,Coupon,2030-01-02,3.29911,3.565,6.455518,0.810901,2.890861,2.831969,3.565,79.438125,7.100527,356500.0,80.612581,6.640389
GS02JUL2030C,Coupon,2030-07-02,3.794661,3.565,6.529871,0.783623,2.793616,2.736705,3.565,76.765915,7.090736,356500.0,77.831979,6.714743
GS02JAN2031C,Coupon,2031-01-02,4.298426,3.565,6.607158,0.756227,2.69595,2.641029,3.565,74.082154,7.102397,356500.0,75.043485,6.792029
GS02JUL2031C,Coupon,2031-07-02,4.793977,3.565,6.685384,0.729602,2.601032,2.548045,3.565,71.473912,7.129543,356500.0,72.337481,6.870255
GS02JAN2032C,Coupon,2032-01-02,5.297741,3.565,6.762041,0.70306,2.50641,2.45535,3.565,68.873779,7.164074,356500.0,69.643415,6.946913
GS02JUL2032C,Coupon,2032-07-02,5.79603,3.565,6.831196,0.677513,2.415334,2.36613,3.565,66.371097,7.198757,356500.0,67.053249,7.016067
GS02JAN2033C,Coupon,2033-01-02,6.299795,3.565,6.891696,0.652561,2.326382,2.278989,3.565,63.926769,7.22994,356500.0,64.525902,7.076567
GS02JUL2033C,Coupon,2033-07-02,6.795346,3.565,6.941349,0.62896,2.242242,2.196564,3.565,61.614687,7.254983,356500.0,62.137303,7.12622
GS02JAN2034C,Coupon,2034-01-02,7.29911,3.565,6.982774,0.605934,2.160154,2.116148,3.565,59.358977,7.274806,356500.0,59.808783,7.167646
GS02JUL2034C,Coupon,2034-07-02,7.794661,3.565,7.016505,0.584185,2.082619,2.040192,3.565,57.228398,7.290002,356500.0,57.611191,7.201376
GS02JAN2035C,Coupon,2035-01-02,8.298426,3.565,7.046293,0.562892,2.006712,1.965832,3.565,55.142539,7.303215,356500.0,55.461597,7.231165
GS02JUL2035C,Coupon,2035-07-02,8.793977,3.565,7.073657,0.542641,1.934514,1.895105,3.565,53.158618,7.316124,356500.0,53.419034,7.258528
GS02JAN2036C,Coupon,2036-01-02,9.297741,3.565,7.100319,0.522714,1.863475,1.825513,3.565,51.206535,7.329671,356500.0,51.411253,7.285191
GS02JUL2036C,Coupon,2036-07-02,9.79603,3.565,7.125017,0.503675,1.795602,1.759022,3.565,49.341439,7.342723,356500.0,49.494773,7.309889
GS02JAN2037C,Coupon,2037-01-02,10.299795,3.565,7.147733,0.485124,1.729465,1.694233,3.565,47.524077,7.354808,356500.0,47.629028,7.332604
GS02JUL2037C,Coupon,2037-07-02,10.795346,3.565,7.167543,0.467564,1.666866,1.632909,3.565,45.803907,7.365127,356500.0,45.864575,7.352414
GS02JAN2038C,Coupon,2038-01-02,11.29911,3.565,7.18495,0.450412,1.605718,1.573007,3.565,44.123613,7.373736,356500.0,44.142443,7.369821
GS02JUL2038C,Coupon,2038-07-02,11.794661,3.565,7.199241,0.434222,1.548,1.516464,3.565,42.537568,7.380104,356500.0,42.518181,7.384112
GS02JAN2039C,Coupon,2039-01-02,12.298426,3.565,7.210843,0.418446,1.49176,1.46137,3.565,40.99215,7.384305,356500.0,40.936717,7.395714
GS02JUL2039C,Coupon,2039-07-02,12.793977,3.565,7.220887,0.403511,1.438516,1.409211,3.565,39.529055,7.387636,356500.0,39.440769,7.405759
GS02JAN2040C,Coupon,2040-01-02,13.297741,3.565,7.232491,0.388766,1.385953,1.357718,3.565,38.084666,7.392929,356500.0,37.965531,7.417362
GS02JUL2040C,Coupon,2040-07-02,13.79603,3.565,7.248136,0.374463,1.334961,1.307766,3.565,36.683474,7.402789,356500.0,36.536307,7.433008
GS02JAN2041C,Coupon,2041-01-02,14.299795,3.565,7.270865,0.360139,1.283895,1.25774,3.565,35.280223,7.420084,356500.0,35.107231,7.455737
GS02JUL2041C,Coupon,2041-07-02,14.795346,3.565,7.300671,0.34614,1.233989,1.208851,3.565,33.908861,7.444911,356500.0,33.71292,7.485542
GS02JAN2042C,Coupon,2042-01-02,15.29911,3.565,7.337654,0.332042,1.183731,1.159616,3.565,32.527802,7.477168,356500.0,32.310966,7.522525
GS02JUL2042C,Coupon,2042-07-02,15.794661,3.565,7.379701,0.318348,1.134912,1.111792,3.565,31.186305,7.514863,356500.0,30.951237,7.564572
GS02JAN2043C,Coupon,2043-01-02,16.298426,3.565,7.427276,0.30465,1.086076,1.06395,3.565,29.844333,7.558289,356500.0,29.592998,7.612147
GS02JUL2043C,Coupon,2043-07-02,16.793977,3.565,7.477919,0.291437,1.038973,1.017807,3.565,28.549987,7.605097,356500.0,28.284774,7.662791
GS02JAN2044C,Coupon,2044-01-02,17.297741,3.565,7.532373,0.278317,0.992201,0.971988,3.565,27.264733,7.655878,356500.0,26.98745,7.717244
GS02JUL2044C,Coupon,2044-07-02,17.79603,3.565,7.58812,0.265697,0.947212,0.927915,3.565,26.028477,7.708198,356500.0,25.741134,7.772991
GS02JAN2045C,Coupon,2045-01-02,18.299795,3.565,7.645201,0.253351,0.903197,0.884798,3.565,24.819007,7.762004,356500.0,24.523232,7.830072
GS02JUL2045C,Coupon,2045-07-02,18.795346,3.565,7.7009,0.241656,0.861504,0.843953,3.565,23.673304,7.814654,356500.0,23.37077,7.885771
GS02JAN2046C,Coupon,2046-01-02,19.29911,3.565,7.755882,0.230265,0.820896,0.804173,3.565,22.557456,7.866695,356500.0,22.249431,7.940753
GS02JUL2046C,Coupon,2046-07-02,19.794661,3.565,7.807196,0.219587,0.782827,0.76688,3.565,21.51135,7.915261,356500.0,21.199098,7.992067
GS02JAN2047C,Coupon,2047-01-02,20.298426,3.565,7.855407,0.209296,0.74614,0.73094,3.565,20.503217,7.960813,356500.0,20.187673,8.040278
GS02JUL2047C,Coupon,2047-07-02,20.793977,3.565,7.898496,0.199726,0.712023,0.697518,3.565,19.565713,8.001412,356500.0,19.247778,8.083368
GS02JAN2048C,Coupon,2048-01-02,21.297741,3.565,7.937974,0.190535,0.679256,0.665418,3.565,18.665313,8.038473,356500.0,18.345705,8.122845
GS02JUL2048C,Coupon,2048-07-02,21.79603,3.565,7.972824,0.181951,0.648657,0.635442,3.565,17.82447,8.071042,356500.0,17.503863,8.157696
GS02JAN2049C,Coupon,2049-01-02,22.299795,3.565,8.003909,0.173762,0.619463,0.606844,3.565,17.022266,8.099922,356500.0,16.70123,8.18878
GS02JUL2049C,Coupon,2049-07-02,22.795346,3.565,8.03051,0.166163,0.592371,0.580303,3.565,16.277795,8.124447,356500.0,15.956826,8.215381
GS02JAN2050C,Coupon,2050-01-02,23.29911,3.565,8.053603,0.158877,0.566398,0.554859,3.565,15.564079,8.145519,356500.0,15.243605,8.238474
GS02JUL2050C,Coupon,2050-07-02,23.794661,3.565,8.072528,0.152121,0.542312,0.531264,3.565,14.902216,8.162537,356500.0,14.582583,8.257399
GS02JAN2051C,Coupon,2051-01-02,24.298426,3.565,8.088028,0.145648,0.519234,0.508656,3.565,14.268047,8.176177,356500.0,13.949575,8.272899
GS02JUL2051C,Coupon,2051-07-02,24.793977,3.565,8.100027,0.139636,0.497802,0.487661,3.565,13.679141,8.186419,356500.0,13.362082,8.284898
GS02JAN2052C,Coupon,2052-01-02,25.297741,3.565,8.109615,0.133848,0.47717,0.467449,3.565,13.11217,8.19429,356500.0,12.796824,8.294486
GS02JUL2052C,Coupon,2052-07-02,25.79603,3.565,8.117199,0.128408,0.457776,0.44845,3.565,12.579255,8.200241,356500.0,12.265888,8.30207
GS02JAN2053C,Coupon,2053-01-02,26.299795,3.565,8.123649,0.123162,0.439073,0.430129,3.565,12.065323,8.205103,356500.0,11.754255,8.30852
GS02JUL2053C,Coupon,2053-07-02,26.795346,3.565,8.129483,0.118219,0.421451,0.412865,3.565,11.581076,8.209433,356500.0,11.272584,8.314354
GS02JAN2054C,Coupon,2054-01-02,27.29911,3.565,8.135594,0.113386,0.404219,0.395985,3.565,11.107565,8.21407,356500.0,10.802034,8.320465
GS02JUL2054C,Coupon,2054-07-02,27.794661,3.565,8.142465,0.108792,0.387845,0.379944,3.565,10.657603,8.219545,356500.0,10.35535,8.327337
GS02JAN2055C,Coupon,2055-01-02,28.298426,3.565,8.150991,0.104263,0.371698,0.364125,3.565,10.213898,8.226702,356500.0,9.915376,8.335863
GS02JUL2055C,Coupon,2055-07-02,28.793977,3.565,8.161059,0.099937,0.356276,0.349018,3.565,9.790115,8.235469,356500.0,9.495644,8.34593
GS02JAN2056C,Coupon,2056-01-02,29.297741,3.565,8.172781,0.095674,0.341077,0.334129,3.565,9.372481,8.245915,356500.0,9.082472,8.357652
GS02JUL2056C,Coupon,2056-07-02,29.79603,3.565,8.185621,0.091593,0.326529,0.319877,3.565,8.972715,8.257537,356500.0,8.687415,8.370492
GS02JAN2057C,Coupon,2057-01-02,30.299795,3.565,8.199629,0.087607,0.31232,0.305957,3.565,8.58225,8.270354,356500.0,8.301967,8.3845
GS02JUL2057C,Coupon,2057-07-02,30.795346,3.565,8.21419,0.083825,0.298837,0.292749,3.565,8.211753,8.283781,356500.0,7.936616,8.399061
GS02JAN2058C,Coupon,2058-01-02,31.29911,3.565,8.229553,0.080123,0.285638,0.279819,3.565,7.849067,8.298029,356500.0,7.579333,8.414424
GS02JUL2058C,Coupon,2058-07-02,31.794661,3.565,8.244992,0.076622,0.273157,0.267592,3.565,7.506094,8.312406,356500.0,7.241804,8.429863
7.13%GS02JUL2058P,Principal,2058-07-02,31.794661,100.0,8.244992,0.076622,7.662186,7.506094,100.0,7.506094,8.312406,10000000.0,7.241804,8.429863
