tenor_years,fbil_zero_semi,exact_zero_semi,exact_diff_bp,smooth_zero_semi,smooth_diff_bp,fbil_par_semi,exact_par_semi,smooth_par_semi,exact_par_diff_bp,smooth_par_diff_bp
0.25,5.18,5.18,0.0,5.18,0.0,5.15,5.14689,5.14689,-0.31131,-0.31131
0.5,5.59,5.59,0.0,5.59,0.0,5.59,5.59,5.59,-0.0,-0.0
0.75,5.8,5.79918,-0.08239,5.80053,0.05306,5.78,5.78214,5.78348,0.21369,0.34776
1.0,5.89,5.89,0.0,5.89,0.0,5.89,5.88564,5.88564,-0.43565,-0.43565
1.25,5.97,5.97398,0.39775,5.96583,-0.41738,5.96,5.95943,5.9515,-0.05687,-0.84972
1.5,6.06,6.06705,0.70471,6.04593,-1.40652,6.05,6.05875,6.03829,0.87464,-1.17115
1.75,6.15,6.16126,1.12559,6.12568,-2.4317,6.14,6.14333,6.10904,0.33301,-3.09627
2.0,6.24,6.24865,0.86507,6.19965,-4.0354,6.23,6.23385,6.18671,0.38513,-4.32867
2.25,6.31,6.32128,1.12785,6.2635,-4.64992,6.29,6.29816,6.24273,0.8161,-4.72748
2.5,6.37,6.37119,0.11862,6.31811,-5.18861,6.35,6.35137,6.30016,0.13718,-4.98383
2.75,6.39,6.39186,0.18554,6.36565,-2.43504,6.37,6.36753,6.34105,-0.24675,-2.89525
3.0,6.4,6.39517,-0.48289,6.40827,0.8272,6.38,6.37649,6.38592,-0.35093,0.59153
3.25,6.41,6.40577,-0.4234,6.44796,3.79564,6.39,6.38364,6.41954,-0.63619,2.95442
3.5,6.45,6.44387,-0.6127,6.48592,3.59234,6.43,6.42299,6.459,-0.70143,2.90045
3.75,6.5,6.50297,0.2974,6.5232,2.32046,6.47,6.47342,6.4903,0.34156,2.03046
4.0,6.56,6.56701,0.70137,6.56083,0.08316,6.53,6.53466,6.52847,0.46614,-0.15342
4.25,6.61,6.61993,0.99251,6.59955,-1.0446,6.57,6.57923,6.56078,0.92307,-0.92153
4.5,6.65,6.64597,-0.40318,6.63899,-1.10086,6.61,6.60651,6.59964,-0.34883,-1.03647
4.75,6.67,6.65216,-1.78445,6.67848,0.84815,6.62,6.6107,6.6323,-0.93005,1.2302
5.0,6.7,6.68268,-1.73232,6.71736,1.73615,6.65,6.64123,6.66987,-0.87706,1.98681
5.25,6.76,6.75928,-0.07156,6.75502,-0.49775,6.7,6.70454,6.70064,0.45369,0.06408
5.5,6.81,6.82819,1.81893,6.79107,-1.89309,6.76,6.76602,6.7351,0.60189,-2.49024
5.75,6.85,6.86519,1.51873,6.82516,-2.48408,6.79,6.79596,6.76256,0.59625,-2.74402
6.0,6.87,6.87666,0.66587,6.85695,-1.30489,6.81,6.80989,6.79286,-0.0114,-1.71394
6.25,6.88,6.87548,-0.45171,6.88618,0.61794,6.82,6.80878,6.81604,-1.12196,-0.39572
6.5,6.9,6.88489,-1.51104,6.91289,1.28858,6.83,6.82061,6.84167,-0.93898,1.16659
6.75,6.92,6.91123,-0.87744,6.93719,1.7189,6.85,6.8411,6.86063,-0.89041,1.06292
7.0,6.94,6.94399,0.39944,6.95921,1.92072,6.87,6.87071,6.88204,0.07062,1.20384
7.25,6.98,6.97646,-0.35401,6.97909,-0.0906,6.9,6.89559,6.89729,-0.44064,-0.2709
7.5,7.01,7.00906,-0.09394,6.99714,-1.28567,6.93,6.92452,6.91518,-0.54785,-1.48231
7.75,7.04,7.04168,0.16757,7.01368,-2.63163,6.95,6.94915,6.92763,-0.08479,-2.23662
8.0,7.06,7.06365,0.36522,7.02904,-3.09558,6.96,6.96956,6.94307,0.95626,-1.69254
8.25,7.06,7.06182,0.18211,7.04355,-1.64465,6.96,6.96832,6.95379,0.83214,-0.62082
8.5,7.05,7.04724,-0.27568,7.05754,0.75405,6.96,6.96154,6.96784,0.15435,0.78401
8.75,7.04,7.0426,0.25957,7.07127,3.12673,6.96,6.95818,6.97778,-0.1822,1.77762
9.0,7.05,7.05454,0.45354,7.08473,3.47297,6.97,6.97027,6.9911,0.02731,2.10972
9.25,7.07,7.07297,0.29725,7.09786,2.78567,6.98,6.98323,7.00041,0.32253,2.04057
9.5,7.1,7.09634,-0.36567,7.11058,1.05773,7.0,7.00307,7.01288,0.30705,1.28811
9.75,7.13,7.12748,-0.25243,7.12282,-0.71793,7.02,7.02465,7.02138,0.46481,0.13847
10.0,7.15,7.16141,1.14075,7.13452,-1.54841,7.05,7.05136,7.03285,0.13588,-1.71451
10.25,7.17,7.18262,1.26191,7.1456,-2.43993,7.06,7.0658,7.04039,0.58019,-1.96087
10.5,7.18,7.17964,-0.03563,7.15605,-2.39522,7.06,7.06725,7.05075,0.72461,-0.92549
10.75,7.17,7.16305,-0.69503,7.16584,-0.41612,7.06,7.05633,7.05725,-0.3667,-0.27454
11.0,7.17,7.14913,-2.08676,7.17496,0.49552,7.06,7.05038,7.06648,-0.96248,0.64785
11.25,7.16,7.14449,-1.55134,7.18338,2.33785,7.06,7.04724,7.07194,-1.27646,1.1945
11.5,7.16,7.14779,-1.22119,7.19109,3.10901,7.06,7.0523,7.08003,-0.76998,2.0032
11.75,7.16,7.15748,-0.25185,7.19807,3.80716,7.06,7.0583,7.08444,-0.16995,2.44414
12.0,7.16,7.17201,1.20112,7.2043,4.43045,7.06,7.07032,7.09139,1.03211,3.13853
12.25,7.17,7.18982,1.98217,7.20983,3.98316,7.07,7.08128,7.09476,1.12829,2.47637
12.5,7.17,7.20936,3.93574,7.21494,4.49409,7.07,7.09617,7.10083,2.61733,3.08256
12.75,7.18,7.22906,4.90627,7.21998,3.99815,7.08,7.1081,7.1038,2.81011,2.38
13.0,7.19,7.24738,5.73821,7.2253,3.53028,7.09,7.12199,7.10982,3.1987,1.98222
13.25,7.2,7.26276,6.27602,7.23125,3.1254,7.09,7.13112,7.11325,4.11196,2.32451
13.5,7.22,7.27364,5.36412,7.23818,1.81844,7.11,7.14036,7.12006,3.03615,1.00636
13.75,7.23,7.27847,4.84697,7.24644,1.64433,7.11,7.14317,7.12474,3.31656,1.47423
14.0,7.25,7.27608,2.60812,7.25638,0.63798,7.13,7.14455,7.13315,1.45493,0.31463
14.25,7.27,7.26859,-0.14074,7.26827,-0.17341,7.14,7.14021,7.13979,0.02139,-0.02058
14.5,7.29,7.25976,-3.0241,7.28206,-0.79362,7.15,7.13783,7.15021,-1.21716,0.02132
14.75,7.31,7.25335,-5.66522,7.29766,-1.23414,7.16,7.13406,7.1588,-2.59386,-0.12014
15.0,7.33,7.253,-7.69953,7.31494,-1.50649,7.18,7.13632,7.17094,-4.36762,-0.90586
15.25,7.36,7.26009,-9.99073,7.33378,-2.62217,7.19,7.13996,7.18113,-5.00381,-0.88721
15.5,7.38,7.27394,-10.60565,7.35407,-2.59268,7.21,7.14985,7.19467,-6.01504,-1.53323
15.75,7.4,7.29382,-10.61817,7.3757,-2.42954,7.22,7.16026,7.20613,-5.97417,-1.38708
16.0,7.43,7.31898,-11.10219,7.39856,-3.14426,7.23,7.17595,7.22075,-5.40528,-0.92493
16.25,7.45,7.34868,-10.1316,7.42252,-2.74833,7.25,7.19127,7.23317,-5.87287,-1.68252
16.5,7.48,7.3822,-9.78029,7.44747,-3.25326,7.26,7.21094,7.24858,-4.90575,-1.14233
16.75,7.5,7.41878,-8.12216,7.47329,-2.67057,7.28,7.2294,7.26167,-5.06013,-1.83335
17.0,7.53,7.45769,-7.23109,7.49988,-3.01175,7.29,7.25133,7.27756,-3.86733,-1.24362
17.25,7.55,7.49819,-5.18099,7.52711,-2.28884,7.3,7.27125,7.29104,-2.87542,-0.89625
17.5,7.58,7.53954,-4.04574,7.55484,-2.51597,7.32,7.29383,7.30715,-2.61668,-1.28544
17.75,7.6,7.58101,-1.89924,7.58292,-1.70777,7.33,7.31369,7.3207,-1.63127,-0.92986
18.0,7.63,7.62185,-0.81538,7.61121,-1.87891,7.34,7.33548,7.33672,-0.45161,-0.32823
18.25,7.65,7.66132,1.13194,7.63956,-1.04402,7.36,7.3539,7.35006,-0.6103,-0.99391
18.5,7.68,7.69869,1.86885,7.66782,-1.21777,7.37,7.3736,7.36571,0.36033,-0.42944
18.75,7.7,7.73321,3.32143,7.69585,-0.41479,7.38,7.38935,7.37857,0.93473,-0.14325
19.0,7.72,7.76429,4.42891,7.7235,0.35027,7.39,7.40586,7.39359,1.586,0.35864
19.25,7.74,7.79196,5.19566,7.75063,1.06275,7.4,7.41828,7.40572,1.82795,0.57237
19.5,7.77,7.81646,4.6462,7.77708,0.70801,7.42,7.43166,7.41989,1.16648,-0.01127
19.75,7.79,7.83805,4.80508,7.80271,1.2714,7.42,7.44126,7.43108,2.12618,1.10814
20.0,7.81,7.85697,4.69683,7.82738,1.73826,7.44,7.45208,7.44418,1.20802,0.4184
20.25,7.83,7.87346,4.34601,7.85097,2.0966,7.44,7.45939,7.45425,1.93894,1.42501
20.5,7.85,7.88777,3.77714,7.87345,2.34494,7.46,7.46815,7.46618,0.81514,0.61805
20.75,7.86,7.90015,4.01477,7.89484,3.48446,7.46,7.47366,7.47512,1.36617,1.51168
21.0,7.88,7.91083,3.08344,7.91516,3.51632,7.47,7.48084,7.48594,1.08364,1.59367
21.25,7.9,7.92008,2.0077,7.93442,3.44171,7.48,7.485,7.49381,0.49978,1.38129
21.5,7.92,7.92812,0.81208,7.95262,3.26179,7.49,7.49102,7.50359,0.10185,1.35908
21.75,7.93,7.93521,0.52112,7.96978,3.97775,7.5,7.49425,7.51047,-0.57518,1.04731
22.0,7.95,7.94159,-0.84063,7.98591,3.59074,7.5,7.49952,7.51927,-0.04824,1.92742
22.25,7.96,7.94751,-1.24864,8.00102,4.10195,7.51,7.5022,7.52523,-0.77962,1.52254
22.5,7.98,7.95322,-2.67836,8.01513,3.51254,7.52,7.5071,7.53311,-1.29025,1.31113
22.75,7.99,7.95895,-3.10526,8.02824,3.8237,7.52,7.5096,7.53819,-1.03979,1.81908
23.0,8.01,7.96495,-4.50478,8.04037,3.03659,7.53,7.51447,7.54522,-1.55295,1.52195
23.25,8.02,7.97148,-4.8524,8.05152,3.15238,7.54,7.51713,7.54948,-2.28693,0.94833
23.5,8.03,7.97876,-5.12357,8.06172,3.17226,7.54,7.5223,7.55571,-1.77004,1.57098
23.75,8.04,7.98706,-5.29374,8.07097,3.09738,7.55,7.52543,7.55921,-2.45723,0.92108
24.0,8.05,7.99662,-5.33838,8.07929,2.92893,7.55,7.5312,7.56469,-1.88024,1.46868
24.25,8.06,8.00767,-5.23296,8.08669,2.66932,7.56,7.53508,7.56748,-2.49206,0.74785
24.5,8.07,8.02047,-4.95291,8.09326,2.32597,7.56,7.54172,7.57228,-1.82766,1.22795
24.75,8.08,8.03526,-4.47371,8.09908,1.90752,7.57,7.54662,7.57447,-2.33841,0.44729
25.0,8.09,8.05229,-3.77082,8.10423,1.42264,7.57,7.55438,7.57873,-1.56235,0.87289
25.25,8.1,8.0718,-2.81969,8.1088,0.87997,7.57,7.5605,7.58045,-0.94963,1.04527
25.5,8.11,8.09404,-1.59578,8.11288,0.28817,7.58,7.56959,7.58429,-1.04118,0.42886
25.75,8.12,8.11925,-0.07455,8.11656,-0.34409,7.58,7.57714,7.58566,-0.28636,0.56629
26.0,8.12,8.14769,2.76853,8.11992,-0.00818,7.59,7.58771,7.58919,-0.22881,-0.0805
26.25,8.13,8.17851,4.85057,8.12305,-0.69543,7.59,7.59653,7.59033,0.65274,0.03317
26.5,8.14,8.20693,6.69273,8.12603,-1.39718,7.59,7.60678,7.59367,1.67791,0.36686
26.75,8.14,8.22725,8.72502,8.12895,-1.10479,7.59,7.61249,7.59467,2.24934,0.46721
27.0,8.15,8.23503,8.50282,8.1319,-1.8096,7.6,7.6171,7.59791,1.7097,-0.2085
27.25,8.15,8.23145,8.14532,8.13497,-1.50295,7.6,7.61651,7.59888,1.65067,-0.11175
27.5,8.16,8.2193,5.93015,8.13824,-2.17619,7.6,7.61595,7.60213,1.59527,0.21255
27.75,8.16,8.20135,4.13495,8.14179,-1.82066,7.6,7.6117,7.60315,1.16979,0.3147
28.0,8.16,8.18037,2.03736,8.14572,-1.42771,7.61,7.6089,7.60648,-0.11042,-0.35226
28.25,8.17,8.15915,-1.08501,8.15009,-1.99061,7.61,7.6038,7.60763,-0.61995,-0.23687
28.5,8.17,8.14046,-2.9545,8.1549,-1.51029,7.61,7.60152,7.6111,-0.84788,0.1096
28.75,8.18,8.12707,-5.29349,8.1601,-1.98965,7.61,7.59832,7.61238,-1.16835,0.23794
29.0,8.18,8.12173,-5.82669,8.16568,-1.43154,7.62,7.59924,7.61595,-2.07605,-0.4052
29.25,8.19,8.12552,-6.44809,8.17161,-1.83883,7.62,7.60011,7.61733,-1.98876,-0.2674
29.5,8.19,8.13669,-5.33139,8.17786,-1.2144,7.62,7.60486,7.62097,-1.51394,0.09653
29.75,8.2,8.15323,-4.67651,8.18439,-1.56112,7.62,7.6086,7.62241,-1.14018,0.24053
30.0,8.2,8.17317,-2.6834,8.19118,-0.88186,7.63,7.6152,7.62608,-1.47973,-0.39162
30.25,8.21,8.19477,-1.52259,8.19821,-1.17949,7.63,7.61991,7.62756,-1.00939,-0.24449
30.5,8.22,8.21755,-0.24517,8.20543,-1.45687,7.63,7.62695,7.63124,-0.30549,0.12439
30.75,8.22,8.24128,2.12814,8.21283,-0.71689,7.63,7.63191,7.63272,0.19099,0.2718
31.0,8.23,8.26577,3.57661,8.22038,-0.96241,7.64,7.6391,7.63639,-0.08985,-0.361
31.25,8.24,8.2908,5.07953,8.22804,-1.1963,7.64,7.64412,7.63784,0.41236,-0.21594
31.5,8.25,8.31616,6.61617,8.23579,-1.42144,7.64,7.65128,7.64147,1.12757,0.14708
31.75,8.25,8.34166,9.16581,8.24359,-0.64069,7.64,7.65617,7.64287,1.61742,0.28738
32.0,8.26,8.36708,10.70773,8.25143,-0.85693,7.65,7.66312,7.64644,1.31174,-0.35604
32.25,8.27,8.39221,12.2212,8.25927,-1.07302,7.65,7.66773,7.64777,1.77339,-0.22272
32.5,8.28,8.41686,13.68552,8.26708,-1.29183,7.65,7.67432,7.65125,2.43211,0.12534
32.75,8.29,8.4408,15.07994,8.27484,-1.51625,7.65,7.67852,7.6525,2.85189,0.2497
33.0,8.29,8.46384,17.38375,8.28251,-0.74913,7.66,7.68462,7.65587,2.46238,-0.41262
33.25,8.3,8.48576,18.57624,8.29007,-0.9931,7.66,7.68829,7.65701,2.82859,-0.29899
33.5,8.31,8.50637,19.63667,8.2975,-1.24984,7.66,7.6938,7.66027,3.38004,0.02693
33.75,8.32,8.52544,20.54432,8.30479,-1.52077,7.66,7.69683,7.66129,3.68271,0.12894
34.0,8.33,8.54278,21.27848,8.31193,-1.8073,7.67,7.70166,7.66443,3.16588,-0.55745
34.25,8.33,8.55818,22.81842,8.31889,-1.11086,7.67,7.70396,7.66532,3.39644,-0.46754
34.5,8.34,8.57143,23.14342,8.32567,-1.43286,7.67,7.70803,7.66833,3.80333,-0.16669
34.75,8.35,8.58233,23.23276,8.33225,-1.77475,7.67,7.70954,7.66911,3.95428,-0.0893
35.0,8.35,8.59066,24.06571,8.33862,-1.13793,7.67,7.71278,7.67198,4.27777,0.19844
35.25,8.36,8.59622,23.62156,8.34476,-1.52382,7.67,7.71342,7.67263,4.34227,0.26295
35.5,8.37,8.5988,22.87958,8.35066,-1.93386,7.68,7.71576,7.67537,3.57568,-0.46271
35.75,8.37,8.59819,22.81905,8.35631,-1.36946,7.68,7.71547,7.67589,3.54718,-0.41135
36.0,8.38,8.59419,21.41924,8.36168,-1.83205,7.68,7.71684,7.67849,3.68386,-0.15066
36.25,8.38,8.58659,20.65945,8.36677,-1.32305,7.68,7.71556,7.67887,3.55557,-0.11266
36.5,8.39,8.57519,18.51893,8.37156,-1.84388,7.68,7.71588,7.68134,3.58843,0.13421
36.75,8.39,8.55977,16.97698,8.37604,-1.39596,7.68,7.71353,7.68159,3.35285,0.15867
37.0,8.39,8.54013,15.01287,8.38019,-0.98072,7.68,7.71274,7.68392,3.27375,0.39158
37.25,8.4,8.51606,11.60588,8.384,-1.59957,7.68,7.70922,7.68402,2.92208,0.40238
37.5,8.4,8.48735,8.73528,8.38746,-1.25395,7.69,7.70721,7.68621,1.72126,-0.37874
37.75,8.4,8.45393,5.39341,8.39055,-0.94527,7.69,7.70244,7.68618,1.24442,-0.38168
38.0,8.4,8.41773,1.77318,8.39325,-0.67496,7.69,7.69942,7.68823,0.94156,-0.1769
38.25,8.4,8.38225,-1.77546,8.39556,-0.44443,7.69,7.69434,7.68806,0.4337,-0.19363
38.5,8.4,8.35102,-4.89831,8.39745,-0.25512,7.69,7.69191,7.68997,0.19126,-0.00296
38.75,8.4,8.3273,-7.26962,8.39892,-0.10844,7.69,7.68834,7.68967,-0.16617,-0.03349
39.0,8.4,8.31113,-8.88658,8.39994,-0.00581,7.69,7.68784,7.69143,-0.21564,0.14307
39.25,8.4,8.30049,-9.95135,8.40051,0.05133,7.69,7.68594,7.69099,-0.40585,0.09874
39.5,8.39,8.29331,-9.66938,8.40062,1.06158,7.69,7.68658,7.69261,-0.3418,0.26121
39.75,8.39,8.28755,-10.24503,8.40023,1.0235,7.69,7.68529,7.69203,-0.47111,0.20309
40.0,8.39,8.28191,-10.8092,8.39936,0.93567,7.69,7.68611,7.69351,-0.389,0.3515
40.25,8.38,8.27627,-10.37296,8.39797,1.79713,7.69,7.68482,7.6928,-0.51751,0.27969
40.5,8.38,8.27064,-10.93632,8.39609,1.6087,7.69,7.68564,7.69414,-0.43625,0.41444
40.75,8.38,8.26501,-11.49929,8.39372,1.37166,7.69,7.68435,7.6933,-0.56524,0.32983
41.0,8.37,8.25938,-11.06187,8.39087,2.08728,7.69,7.68515,7.69452,-0.48475,0.45209
41.25,8.37,8.25376,-11.62409,8.38757,1.75686,7.69,7.68386,7.69356,-0.61416,0.35586
41.5,8.36,8.24814,-11.18595,8.38382,2.38166,7.69,7.68466,7.69467,-0.53436,0.46677
41.75,8.36,8.24253,-11.74745,8.37963,1.96297,7.69,7.68336,7.6936,-0.66412,0.36001
42.0,8.35,8.23691,-11.30863,8.37502,2.50206,7.69,7.68415,7.69461,-0.58495,0.46064
42.25,8.35,8.23131,-11.86947,8.37,2.00022,7.69,7.68285,7.69344,-0.715,0.34436
42.5,8.34,8.2257,-11.43,8.36459,2.45873,7.69,7.68364,7.69436,-0.63637,0.43569
42.75,8.34,8.2201,-11.99023,8.35879,1.87886,7.69,7.68233,7.69311,-0.76666,0.31084
43.0,8.33,8.2145,-11.55017,8.35262,2.26189,7.69,7.68311,7.69394,-0.68853,0.3938
43.25,8.33,8.2089,-12.10982,8.34609,1.6091,7.69,7.68181,7.69261,-0.81901,0.26126
43.5,8.32,8.20331,-11.66921,8.33922,1.92178,7.69,7.68259,7.69337,-0.7413,0.33669
43.75,8.31,8.19772,-11.22834,8.33201,2.20119,7.69,7.68128,7.69197,-0.87192,0.1973
44.0,8.31,8.19213,-11.78721,8.32449,1.44863,7.69,7.68205,7.69266,-0.79459,0.26601
44.25,8.3,8.18654,-11.34585,8.31665,1.66536,7.69,7.68075,7.69121,-0.92531,0.12053
44.5,8.29,8.18096,-10.90427,8.30853,1.85267,7.69,7.68152,7.69183,-0.84831,0.18328
44.75,8.28,8.17538,-10.46247,8.30012,2.01184,7.69,7.68021,7.69032,-0.97908,0.03243
45.0,8.28,8.1698,-11.02047,8.29144,1.14415,7.69,7.68098,7.6909,-0.90236,0.08991
45.25,8.27,8.16422,-10.57827,8.28251,1.25087,7.69,7.67967,7.68934,-1.03316,-0.06562
45.5,8.26,8.15864,-10.13589,8.27333,1.33328,7.69,7.68043,7.68987,-0.95667,-0.01274
45.75,8.25,8.15307,-9.69334,8.26393,1.39268,7.69,7.67913,7.68828,-1.08746,-0.17232
46.0,8.25,8.14749,-10.25064,8.2543,0.43032,7.69,7.67989,7.68877,-1.01117,-0.12342
46.25,8.24,8.14192,-9.80778,8.24447,0.4475,7.68,7.67858,7.68714,-0.14192,0.71356
46.5,8.23,8.13635,-9.36479,8.23445,0.44548,7.69,7.67934,7.68759,-1.06579,-0.24092
46.75,8.22,8.13078,-8.92167,8.22426,0.42556,7.68,7.67804,7.68593,-0.19647,0.59317
47.0,8.21,8.12522,-8.47843,8.21389,0.38901,7.68,7.6788,7.68636,-0.12046,0.63587
47.25,8.21,8.11965,-9.0351,8.20337,-0.66289,7.68,7.67749,7.68468,-0.25104,0.46763
47.5,8.2,8.11408,-8.59167,8.19271,-0.72886,7.68,7.67825,7.68508,-0.17513,0.50802
47.75,8.19,8.10852,-8.14815,8.18192,-0.80763,7.68,7.67694,7.68338,-0.30559,0.33795
48.0,8.18,8.10295,-7.70457,8.17102,-0.8979,7.68,7.6777,7.68377,-0.22974,0.37656
48.25,8.17,8.09739,-7.26093,8.16002,-0.99841,7.68,7.6764,7.68205,-0.36006,0.20515
48.5,8.16,8.09183,-6.81724,8.14892,-1.10788,7.68,7.67716,7.68242,-0.28425,0.24243
48.75,8.15,8.08626,-6.37351,8.13775,-1.22502,7.68,7.67586,7.6807,-0.41441,0.07014
49.0,8.15,8.0807,-6.92975,8.12651,-2.34856,7.68,7.67661,7.68107,-0.33861,0.10657
49.25,8.14,8.07514,-6.48598,8.11523,-2.47721,7.68,7.67531,7.67934,-0.46859,-0.06616
49.5,8.13,8.06958,-6.04221,8.1039,-2.6097,7.68,7.67607,7.6797,-0.39278,-0.03016
49.75,8.12,8.06402,-5.59844,8.09255,-2.74475,7.68,7.67477,7.67797,-0.52257,-0.2029
50.0,8.11,8.05845,-5.15469,8.08119,-2.88108,7.68,7.67553,7.67833,-0.44672,-0.16691
