date,t_years,cash_flow,zero_pct,discount_factor,pv_unnormalised,normalised_value,strip_type,price_per_100_face,implied_yield_semi_pct
2027-01-02,0.298426,3.565,5.270614,0.984595,3.51008,3.438574,Coupon,96.453684,12.472714
2027-07-02,0.793977,3.565,5.821356,0.955462,3.406222,3.336831,Coupon,93.599758,8.506448
2028-01-02,1.297741,3.565,5.98093,0.926372,3.302517,3.235239,Coupon,90.750053,7.620843
2028-07-02,1.79603,3.565,6.139902,0.897075,3.198073,3.132923,Coupon,87.880018,7.324449
2029-01-02,2.299795,3.565,6.275047,0.867538,3.092774,3.029769,Coupon,84.986515,7.200146
2029-07-02,2.795346,3.565,6.373682,0.839133,2.991508,2.930566,Coupon,82.203815,7.134845
2030-01-02,3.29911,3.565,6.455518,0.810901,2.890861,2.831969,Coupon,79.438125,7.100527
2030-07-02,3.794661,3.565,6.529871,0.783623,2.793616,2.736705,Coupon,76.765915,7.090736
2031-01-02,4.298426,3.565,6.607158,0.756227,2.69595,2.641029,Coupon,74.082154,7.102397
2031-07-02,4.793977,3.565,6.685384,0.729602,2.601032,2.548045,Coupon,71.473912,7.129543
2032-01-02,5.297741,3.565,6.762041,0.70306,2.50641,2.45535,Coupon,68.873779,7.164074
2032-07-02,5.79603,3.565,6.831196,0.677513,2.415334,2.36613,Coupon,66.371097,7.198757
2033-01-02,6.299795,3.565,6.891696,0.652561,2.326382,2.278989,Coupon,63.926769,7.22994
2033-07-02,6.795346,3.565,6.941349,0.62896,2.242242,2.196564,Coupon,61.614687,7.254983
2034-01-02,7.29911,3.565,6.982774,0.605934,2.160154,2.116148,Coupon,59.358977,7.274806
2034-07-02,7.794661,3.565,7.016505,0.584185,2.082619,2.040192,Coupon,57.228398,7.290002
2035-01-02,8.298426,3.565,7.046293,0.562892,2.006712,1.965832,Coupon,55.142539,7.303215
2035-07-02,8.793977,3.565,7.073657,0.542641,1.934514,1.895105,Coupon,53.158618,7.316124
2036-01-02,9.297741,3.565,7.100319,0.522714,1.863475,1.825513,Coupon,51.206535,7.329671
2036-07-02,9.79603,3.565,7.125017,0.503675,1.795602,1.759022,Coupon,49.341439,7.342723
2037-01-02,10.299795,3.565,7.147733,0.485124,1.729465,1.694233,Coupon,47.524077,7.354808
2037-07-02,10.795346,3.565,7.167543,0.467564,1.666866,1.632909,Coupon,45.803907,7.365127
2038-01-02,11.29911,3.565,7.18495,0.450412,1.605718,1.573007,Coupon,44.123613,7.373736
2038-07-02,11.794661,3.565,7.199241,0.434222,1.548,1.516464,Coupon,42.537568,7.380104
2039-01-02,12.298426,3.565,7.210843,0.418446,1.49176,1.46137,Coupon,40.99215,7.384305
2039-07-02,12.793977,3.565,7.220887,0.403511,1.438516,1.409211,Coupon,39.529055,7.387636
2040-01-02,13.297741,3.565,7.232491,0.388766,1.385953,1.357718,Coupon,38.084666,7.392929
2040-07-02,13.79603,3.565,7.248136,0.374463,1.334961,1.307766,Coupon,36.683474,7.402789
2041-01-02,14.299795,3.565,7.270865,0.360139,1.283895,1.25774,Coupon,35.280223,7.420084
2041-07-02,14.795346,3.565,7.300671,0.34614,1.233989,1.208851,Coupon,33.908861,7.444911
2042-01-02,15.29911,3.565,7.337654,0.332042,1.183731,1.159616,Coupon,32.527802,7.477168
2042-07-02,15.794661,3.565,7.379701,0.318348,1.134912,1.111792,Coupon,31.186305,7.514863
2043-01-02,16.298426,3.565,7.427276,0.30465,1.086076,1.06395,Coupon,29.844333,7.558289
2043-07-02,16.793977,3.565,7.477919,0.291437,1.038973,1.017807,Coupon,28.549987,7.605097
2044-01-02,17.297741,3.565,7.532373,0.278317,0.992201,0.971988,Coupon,27.264733,7.655878
2044-07-02,17.79603,3.565,7.58812,0.265697,0.947212,0.927915,Coupon,26.028477,7.708198
2045-01-02,18.299795,3.565,7.645201,0.253351,0.903197,0.884798,Coupon,24.819007,7.762004
2045-07-02,18.795346,3.565,7.7009,0.241656,0.861504,0.843953,Coupon,23.673304,7.814654
2046-01-02,19.29911,3.565,7.755882,0.230265,0.820896,0.804173,Coupon,22.557456,7.866695
2046-07-02,19.794661,3.565,7.807196,0.219587,0.782827,0.76688,Coupon,21.51135,7.915261
2047-01-02,20.298426,3.565,7.855407,0.209296,0.74614,0.73094,Coupon,20.503217,7.960813
2047-07-02,20.793977,3.565,7.898496,0.199726,0.712023,0.697518,Coupon,19.565713,8.001412
2048-01-02,21.297741,3.565,7.937974,0.190535,0.679256,0.665418,Coupon,18.665313,8.038473
2048-07-02,21.79603,3.565,7.972824,0.181951,0.648657,0.635442,Coupon,17.82447,8.071042
2049-01-02,22.299795,3.565,8.003909,0.173762,0.619463,0.606844,Coupon,17.022266,8.099922
2049-07-02,22.795346,3.565,8.03051,0.166163,0.592371,0.580303,Coupon,16.277795,8.124447
2050-01-02,23.29911,3.565,8.053603,0.158877,0.566398,0.554859,Coupon,15.564079,8.145519
2050-07-02,23.794661,3.565,8.072528,0.152121,0.542312,0.531264,Coupon,14.902216,8.162537
2051-01-02,24.298426,3.565,8.088028,0.145648,0.519234,0.508656,Coupon,14.268047,8.176177
2051-07-02,24.793977,3.565,8.100027,0.139636,0.497802,0.487661,Coupon,13.679141,8.186419
2052-01-02,25.297741,3.565,8.109615,0.133848,0.47717,0.467449,Coupon,13.11217,8.19429
2052-07-02,25.79603,3.565,8.117199,0.128408,0.457776,0.44845,Coupon,12.579255,8.200241
2053-01-02,26.299795,3.565,8.123649,0.123162,0.439073,0.430129,Coupon,12.065323,8.205103
2053-07-02,26.795346,3.565,8.129483,0.118219,0.421451,0.412865,Coupon,11.581076,8.209433
2054-01-02,27.29911,3.565,8.135594,0.113386,0.404219,0.395985,Coupon,11.107565,8.21407
2054-07-02,27.794661,3.565,8.142465,0.108792,0.387845,0.379944,Coupon,10.657603,8.219545
2055-01-02,28.298426,3.565,8.150991,0.104263,0.371698,0.364125,Coupon,10.213898,8.226702
2055-07-02,28.793977,3.565,8.161059,0.099937,0.356276,0.349018,Coupon,9.790115,8.235469
2056-01-02,29.297741,3.565,8.172781,0.095674,0.341077,0.334129,Coupon,9.372481,8.245915
2056-07-02,29.79603,3.565,8.185621,0.091593,0.326529,0.319877,Coupon,8.972715,8.257537
2057-01-02,30.299795,3.565,8.199629,0.087607,0.31232,0.305957,Coupon,8.58225,8.270354
2057-07-02,30.795346,3.565,8.21419,0.083825,0.298837,0.292749,Coupon,8.211753,8.283781
2058-01-02,31.29911,3.565,8.229553,0.080123,0.285638,0.279819,Coupon,7.849067,8.298029
2058-07-02,31.794661,3.565,8.244992,0.076622,0.273157,0.267592,Coupon,7.506094,8.312406
2058-07-02,31.794661,100.0,8.244992,0.076622,7.662186,7.506094,Principal,7.506094,8.312406
