tenor_years,zero_semi_pct,zero_annual_pct,par_semi_pct,discount_factor,fbil_zero_semi_pct,gap_bp
0.25,5.18,5.247081,5.146887,0.987296,5.18,0.0
0.5,5.59,5.66812,5.59,0.97281,5.59,0.0
0.75,5.800531,5.884646,5.783478,0.958022,5.8,0.053058
1.0,5.89,5.97673,5.885643,0.943603,5.89,0.0
1.25,5.965826,6.054804,5.951503,0.929153,5.97,-0.417385
1.5,6.045935,6.137318,6.038288,0.91453,6.06,-1.406522
1.75,6.125683,6.219493,6.109037,0.899793,6.15,-2.431696
2.0,6.199646,6.295735,6.186713,0.885051,6.24,-4.035397
2.25,6.263501,6.361579,6.242725,0.870431,6.31,-4.649925
2.5,6.318114,6.41791,6.300162,0.855979,6.37,-5.188609
2.75,6.36565,6.466953,6.341048,0.841704,6.39,-2.435039
3.0,6.408272,6.510937,6.385915,0.827594,6.4,0.827199
3.25,6.447956,6.551897,6.419544,0.813628,6.41,3.795643
3.5,6.485923,6.591091,6.459005,0.799792,6.45,3.592339
3.75,6.523205,6.629585,6.490305,0.786065,6.5,2.320455
4.0,6.560832,6.668443,6.528466,0.772425,6.56,0.083164
4.25,6.599554,6.708439,6.560785,0.758849,6.61,-1.044601
4.5,6.638991,6.749182,6.599635,0.745349,6.65,-1.100856
4.75,6.678481,6.789987,6.632302,0.731948,6.67,0.848146
5.0,6.717362,6.830169,6.669868,0.718672,6.7,1.736151
5.25,6.755023,6.869098,6.700641,0.705547,6.76,-0.497749
5.5,6.791069,6.906366,6.735098,0.692597,6.81,-1.893094
5.75,6.825159,6.941616,6.76256,0.679839,6.85,-2.484077
6.0,6.856951,6.974496,6.792861,0.667296,6.87,-1.304893
6.25,6.886179,7.004728,6.816043,0.654985,6.88,0.617936
6.5,6.912886,7.032356,6.841666,0.642913,6.9,1.288584
6.75,6.937189,7.0575,6.860629,0.63108,6.92,1.718896
7.0,6.959207,7.080284,6.882038,0.619489,6.94,1.920719
7.25,6.979094,7.100863,6.897291,0.608136,6.98,-0.090595
7.5,6.997143,7.119543,6.915177,0.597014,7.01,-1.28567
7.75,7.013684,7.136663,6.927634,0.586111,7.04,-2.631625
8.0,7.029044,7.152563,6.943075,0.575413,7.06,-3.095578
8.25,7.043554,7.167583,6.953792,0.564907,7.06,-1.644646
8.5,7.057541,7.182063,6.96784,0.554577,7.05,0.754052
8.75,7.071267,7.196274,6.977776,0.544412,7.04,3.126735
9.0,7.08473,7.210213,6.991097,0.53441,7.05,3.472972
9.25,7.097857,7.223806,7.000406,0.524573,7.07,2.78567
9.5,7.110577,7.236978,7.012881,0.514904,7.1,1.057735
9.75,7.122821,7.249657,7.021385,0.505405,7.13,-0.717927
10.0,7.134516,7.261769,7.032855,0.496079,7.15,-1.54841
10.25,7.145601,7.27325,7.040391,0.486926,7.17,-2.439932
10.5,7.156048,7.28407,7.050745,0.477947,7.18,-2.395218
10.75,7.165839,7.294212,7.057255,0.469143,7.17,-0.416117
11.0,7.174955,7.303655,7.066479,0.460511,7.17,0.495521
11.25,7.183378,7.312381,7.071945,0.452053,7.16,2.337846
11.5,7.19109,7.32037,7.080032,0.443767,7.16,3.10901
11.75,7.198072,7.327602,7.084441,0.435653,7.16,3.807162
12.0,7.204305,7.33406,7.091385,0.42771,7.16,4.430453
12.25,7.209832,7.339786,7.094764,0.419934,7.17,3.983162
12.5,7.214941,7.345079,7.100826,0.412309,7.17,4.494086
12.75,7.219981,7.350302,7.1038,0.404817,7.18,3.99815
13.0,7.225303,7.355815,7.109822,0.397436,7.19,3.53028
13.25,7.231254,7.361982,7.113245,0.390149,7.2,3.125403
13.5,7.238184,7.369163,7.120064,0.382936,7.22,1.818443
13.75,7.246443,7.377721,7.124742,0.375777,7.23,1.644326
14.0,7.25638,7.388017,7.133146,0.368654,7.25,0.637978
14.25,7.268266,7.400335,7.139794,0.361551,7.27,-0.173414
14.5,7.282064,7.414635,7.150213,0.35447,7.29,-0.793617
14.75,7.297659,7.430798,7.158799,0.347416,7.31,-1.23414
15.0,7.314935,7.448706,7.170941,0.340394,7.33,-1.506487
15.25,7.333778,7.468239,7.181128,0.33341,7.36,-2.622166
15.5,7.354073,7.489279,7.194668,0.326468,7.38,-2.592683
15.75,7.375705,7.511707,7.206129,0.319574,7.4,-2.429545
16.0,7.398557,7.535404,7.220751,0.312735,7.43,-3.144258
16.25,7.422517,7.560251,7.233175,0.305955,7.45,-2.748328
16.5,7.447467,7.586129,7.248577,0.299241,7.48,-3.253264
16.75,7.473294,7.61292,7.261666,0.292598,7.5,-2.67057
17.0,7.499882,7.640503,7.277564,0.286031,7.53,-3.011753
17.25,7.527112,7.668755,7.291038,0.279546,7.55,-2.288845
17.5,7.55484,7.697529,7.307146,0.273149,7.58,-2.515969
17.75,7.582922,7.726674,7.320701,0.266847,7.6,-1.707774
18.0,7.611211,7.756037,7.336718,0.260646,7.63,-1.87891
18.25,7.63956,7.785467,7.350061,0.254552,7.65,-1.044025
18.5,7.667822,7.814811,7.365706,0.24857,7.68,-1.217767
18.75,7.695852,7.843917,7.378568,0.242707,7.7,-0.414787
19.0,7.723503,7.872634,7.393586,0.236966,7.72,0.350269
19.25,7.750628,7.900808,7.405724,0.231353,7.74,1.062751
19.5,7.77708,7.928288,7.419887,0.225872,7.77,0.70801
19.75,7.802714,7.95492,7.431081,0.220527,7.79,1.271398
20.0,7.827383,7.980552,7.444184,0.215322,7.81,1.738265
20.25,7.850966,8.00506,7.45425,0.21026,7.83,2.0966
20.5,7.873449,8.028427,7.466181,0.205338,7.85,2.34494
20.75,7.894845,8.050666,7.475117,0.200554,7.86,3.484456
21.0,7.915163,8.071788,7.485937,0.195903,7.88,3.516322
21.25,7.934417,8.091805,7.493813,0.191383,7.9,3.44171
21.5,7.952618,8.110728,7.503591,0.186991,7.92,3.261795
21.75,7.969777,8.128571,7.510473,0.182724,7.93,3.977747
22.0,7.985907,8.145344,7.519274,0.178578,7.95,3.590741
22.25,8.001019,8.16106,7.525225,0.174551,7.96,4.101949
22.5,8.015125,8.175731,7.533111,0.170639,7.98,3.512545
22.75,8.028237,8.189368,7.538191,0.16684,7.99,3.8237
23.0,8.040366,8.201985,7.54522,0.163151,8.01,3.036588
23.25,8.051524,8.213591,7.549483,0.159569,8.02,3.152382
23.5,8.061723,8.224201,7.55571,0.156091,8.03,3.172255
23.75,8.070974,8.233825,7.559211,0.152714,8.04,3.09738
24.0,8.079289,8.242477,7.564687,0.149436,8.05,2.928929
24.25,8.086693,8.25018,7.567479,0.146253,8.06,2.669322
24.5,8.09326,8.257012,7.57228,0.143162,8.07,2.325968
24.75,8.099075,8.263063,7.574473,0.140156,8.08,1.907521
25.0,8.104226,8.268423,7.578729,0.137232,8.09,1.422636
25.25,8.1088,8.273181,7.580453,0.134384,8.1,0.879969
25.5,8.112882,8.277429,7.584289,0.131608,8.11,0.288174
25.75,8.116559,8.281255,7.585663,0.1289,8.12,-0.344094
26.0,8.119918,8.284751,7.589195,0.126255,8.12,-0.008179
26.25,8.123046,8.288005,7.590332,0.12367,8.13,-0.695428
26.5,8.126028,8.291109,7.593669,0.121141,8.14,-1.397185
26.75,8.128952,8.294152,7.594672,0.118663,8.14,-1.104794
27.0,8.131904,8.297224,7.597915,0.116234,8.15,-1.809602
27.25,8.13497,8.300415,7.598882,0.113849,8.15,-1.502952
27.5,8.138238,8.303815,7.602126,0.111506,8.16,-2.176191
27.75,8.141793,8.307515,7.603147,0.1092,8.16,-1.820662
28.0,8.145723,8.311605,7.606477,0.10693,8.16,-1.427712
28.25,8.150094,8.316154,7.607631,0.104693,8.17,-1.990606
28.5,8.154897,8.321153,7.611096,0.102488,8.17,-1.510294
28.75,8.160104,8.326572,7.612379,0.100316,8.18,-1.989647
29.0,8.165685,8.332381,7.615948,0.098177,8.18,-1.431535
29.25,8.171612,8.33855,7.617326,0.096072,8.19,-1.83883
29.5,8.177856,8.345049,7.620965,0.094001,8.19,-1.214402
29.75,8.184389,8.351849,7.622405,0.091964,8.2,-1.561121
30.0,8.191181,8.35892,7.626084,0.089962,8.2,-0.881859
30.25,8.198205,8.366232,7.627555,0.087995,8.21,-1.179486
30.5,8.205431,8.373754,7.631244,0.086063,8.22,-1.456874
30.75,8.212831,8.381458,7.632718,0.084166,8.22,-0.716892
31.0,8.220376,8.389312,7.63639,0.082304,8.23,-0.962412
31.25,8.228037,8.397288,7.637841,0.080477,8.24,-1.196305
31.5,8.235786,8.405356,7.641471,0.078687,8.25,-1.421441
31.75,8.243593,8.413485,7.642874,0.076932,8.25,-0.640691
32.0,8.251431,8.421646,7.64644,0.075212,8.26,-0.856925
32.25,8.25927,8.429809,7.647773,0.073528,8.27,-1.073015
32.5,8.267082,8.437943,7.651253,0.07188,8.28,-1.291832
32.75,8.274838,8.44602,7.652497,0.070267,8.29,-1.516245
33.0,8.282509,8.454009,7.655874,0.06869,8.29,-0.749126
33.25,8.290069,8.461882,7.65701,0.067148,8.3,-0.993105
33.5,8.297502,8.469623,7.660269,0.065641,8.31,-1.249845
33.75,8.304792,8.477216,7.661289,0.064169,8.32,-1.520768
34.0,8.311927,8.484647,7.664425,0.06273,8.33,-1.807297
34.25,8.318891,8.491901,7.665325,0.061326,8.33,-1.110855
34.5,8.325671,8.498963,7.668333,0.059954,8.34,-1.432864
34.75,8.332253,8.505819,7.669107,0.058615,8.35,-1.774747
35.0,8.338621,8.512452,7.671984,0.057308,8.35,-1.137926
35.25,8.344762,8.518849,7.67263,0.056033,8.36,-1.523823
35.5,8.350661,8.524995,7.675373,0.054789,8.37,-1.933862
35.75,8.356305,8.530875,7.675887,0.053576,8.37,-1.369464
36.0,8.361679,8.536474,7.678493,0.052393,8.38,-1.832052
36.25,8.36677,8.541777,7.678873,0.05124,8.38,-1.323049
36.5,8.371561,8.546769,7.681342,0.050117,8.39,-1.843877
36.75,8.37604,8.551436,7.681587,0.049022,8.39,-1.395958
37.0,8.380193,8.555762,7.683916,0.047956,8.39,-0.980715
37.25,8.384004,8.559733,7.684024,0.046918,8.4,-1.599571
37.5,8.387461,8.563334,7.686213,0.045907,8.4,-1.253948
37.75,8.390547,8.566551,7.686183,0.044924,8.4,-0.945269
38.0,8.39325,8.569367,7.688231,0.043967,8.4,-0.674956
38.25,8.395556,8.571769,7.688064,0.043036,8.4,-0.444431
38.5,8.397449,8.573742,7.68997,0.04213,8.4,-0.255117
38.75,8.398916,8.57527,7.689665,0.04125,8.4,-0.108437
39.0,8.399942,8.576339,7.691431,0.040395,8.4,-0.005813
39.25,8.400513,8.576935,7.690987,0.039564,8.4,0.051333
39.5,8.400616,8.577042,7.692612,0.038757,8.39,1.061578
39.75,8.400235,8.576645,7.692031,0.037973,8.39,1.023499
40.0,8.399357,8.57573,7.693515,0.037213,8.39,0.935674
40.25,8.397971,8.574286,7.692797,0.036474,8.38,1.797131
40.5,8.396087,8.572323,7.694144,0.035758,8.38,1.608698
40.75,8.393717,8.569853,7.693298,0.035063,8.38,1.371656
41.0,8.390873,8.56689,7.694521,0.034388,8.37,2.087282
41.25,8.387569,8.563447,7.693559,0.033733,8.37,1.756857
41.5,8.383817,8.559538,7.694668,0.033096,8.36,2.38166
41.75,8.37963,8.555175,7.6936,0.032478,8.36,1.962969
42.0,8.375021,8.550373,7.694606,0.031878,8.35,2.502064
42.25,8.370002,8.545145,7.693444,0.031294,8.35,2.000225
42.5,8.364587,8.539503,7.694357,0.030727,8.34,2.45873
42.75,8.358789,8.533462,7.693108,0.030175,8.34,1.878858
43.0,8.352619,8.527034,7.693938,0.029639,8.33,2.261889
43.25,8.346091,8.520234,7.692613,0.029118,8.33,1.609103
43.5,8.339218,8.513074,7.693367,0.028611,8.32,1.921777
43.75,8.332012,8.505568,7.691973,0.028117,8.31,2.201192
44.0,8.324486,8.497729,7.69266,0.027637,8.31,1.448627
44.25,8.316654,8.48957,7.691205,0.027169,8.3,1.665361
44.5,8.308527,8.481106,7.691833,0.026714,8.29,1.852672
44.75,8.300118,8.472348,7.690324,0.026271,8.28,2.011841
45.0,8.291441,8.463311,7.690899,0.025839,8.28,1.144147
45.25,8.282509,8.454009,7.689344,0.025418,8.27,1.250868
45.5,8.273333,8.444453,7.689873,0.025007,8.26,1.333285
45.75,8.263927,8.434658,7.688277,0.024607,8.25,1.392675
46.0,8.254303,8.424637,7.688766,0.024217,8.25,0.430319
46.25,8.244475,8.414403,7.687136,0.023836,8.24,0.447495
46.5,8.234455,8.40397,7.687591,0.023464,8.23,0.445484
46.75,8.224256,8.393352,7.685932,0.023101,8.22,0.425563
47.0,8.21389,8.38256,7.686359,0.022746,8.21,0.389012
47.25,8.203371,8.371609,7.684676,0.0224,8.21,-0.662889
47.5,8.192711,8.360513,7.68508,0.022061,8.2,-0.728861
47.75,8.181924,8.349283,7.68338,0.02173,8.19,-0.807626
48.0,8.171021,8.337935,7.683766,0.021406,8.18,-0.897903
48.25,8.160016,8.326481,7.682051,0.021089,8.17,-0.998414
48.5,8.148921,8.314933,7.682424,0.020779,8.16,-1.10788
48.75,8.13775,8.303307,7.680701,0.020475,8.15,-1.225021
49.0,8.126514,8.291615,7.681066,0.020177,8.15,-2.348558
49.25,8.115228,8.27987,7.679338,0.019885,8.14,-2.477212
49.5,8.103903,8.268086,7.679698,0.019599,8.13,-2.609703
49.75,8.092552,8.256276,7.677971,0.019318,8.12,-2.744753
50.0,8.081189,8.244453,7.678331,0.019042,8.11,-2.881082
